review	note
Polecam współpracę z biurem.	1
Polecam. Pan Mateusz, mój agent, był bardzo zaangażowany, profesjonalny i sprzedał moje mieszkanie w szybkim czasie.	1
Lepszej agencji nieruchomości we Wrocławiu nie znajdziecie.	1
Bardzo udana wspolpraca.	1
Zdecydowanie niepolecam.	0
Pełen profesjonalizm i pełne zaangażowanie! Wspaniały Zespół	1
Nie polecam. Prawie wszystkie oferty są nieprawdziwe!!!	0
Myślę, że z zupełnie czystym sumieniem wystawić mogę maksymalną ocenę, bo to w zasadzie jedyne biuro nieruchomości, które do tej pory w pełni sprostało moim wymaganiom, pozdrawiam i jeszcze raz dziękuję	1
Świetne biuro nieruchomości, bardzo sympatyczna i profesjonalna obsługa!	1
brak nie tylko dobrej woli, ale elementarnych kompetencji	0
Świetni, rzeczowi agenci. Pełen profesjonalizm. Z czystym sumieniem polecam.	1
Najlepsza agencja nieruchomości we Wrocławiu. Szybko, konkretnie i bardzo profesjonalnie!	1
Otrzymałem super wsparcie w każdym aspekcie przy zakupie nieruchomości.	1
Zdecydowanie polecam Firmę Nieruchomości!	1
ekstra, bardzo polecam!	1
Firma reprezentuje tylko i wyłączenie swoje interesy - zależy jej przede wszystkim na jak najszybszym dokonaniu transakcji i skasowaniu jak najwyższej prowizji, bez wchodzenia w bardzo istotne szczegóły prawne.	0
Ceny w porządku, terminowość, kontakt. Brawo, oby tak dalej!	1
Dobra robota! Cieszę się, że zaufałem tej firmie	1
"Biuro nieruchomości godne polecenia ;)"	1
Najgorsze biuro jakie widziałam do tej pory	0
Dzwonisz i tracisz czas, bo oferty przedstawione na stronie są nieaktualne.	0
Niestety, ale w moim przypadku nie mogę polecić tej firmy pod względem poszukiwania mieszkania.	0
Polecam z pewnością, wyróżniają się profesjonalna obsługa	1
Chcesz komplikacji i strat- to tutaj	0
Co prawda cenią się, bo nie należą do tanich biur, ale uważam że z pewnością warci każdej wydanej złotówki. 	1
Polecam współpracę z biurem.	1
Bardzo dobra agencja. Sprawnie sprzedają i wynajmują nieruchomości we Wrocławiu.	1
